[
  {
    "id": "de663f62-58aa-474a-a761-b11f3c639462",
    "data": [
      {
        "text": "i want to check my leave balance",
        "userDefined": false
      }
    ],
    "isTemplate": false,
    "count": 0,
    "updated": 1506578674
  },
  {
    "id": "d0b46d11-161d-4398-8e4e-482fbf2032e8",
    "data": [
      {
        "text": "show me my leave balance",
        "userDefined": false
      }
    ],
    "isTemplate": false,
    "count": 0,
    "updated": 1506508132
  },
  {
    "id": "1d31dab6-659f-480f-8e22-bc48ab5be099",
    "data": [
      {
        "text": "my leave balance",
        "userDefined": false
      }
    ],
    "isTemplate": false,
    "count": 0,
    "updated": 1506508132
  },
  {
    "id": "d74b3d2a-32f9-4e95-be76-1145963d226f",
    "data": [
      {
        "text": "i need to know my leave balance",
        "userDefined": false
      }
    ],
    "isTemplate": false,
    "count": 0,
    "updated": 1506508132
  },
  {
    "id": "076c0859-dadd-4730-acac-4b581f600138",
    "data": [
      {
        "text": "tell me my leave balance",
        "userDefined": false
      }
    ],
    "isTemplate": false,
    "count": 0,
    "updated": 1506508132
  },
  {
    "id": "231125d3-ded2-485c-8d73-1bfb25776e89",
    "data": [
      {
        "text": "i want to know my leave balance",
        "userDefined": false
      }
    ],
    "isTemplate": false,
    "count": 0,
    "updated": 1506508132
  }
]