[
  {
    "value": "Casual Leave",
    "synonyms": [
      "Casual Leave",
      "CL",
      "cl",
      "casual leave"
    ]
  },
  {
    "value": "Paid Leave",
    "synonyms": [
      "Paid Leave",
      "paid leave",
      "PL",
      "pl"
    ]
  },
  {
    "value": "Seek Leave",
    "synonyms": [
      "Seek Leave",
      "seek leave",
      "SL",
      "sl"
    ]
  },
  {
    "value": "Total leave",
    "synonyms": [
      "Total leaves",
      "total leave",
      "TL",
      "tl"
    ]
  }
]