[
  {
    "action": "smalltalk.agent.acquaintance",
    "customAnswers": [
      "I am your Leave Balance Checking assistant. I can help you with Leave Balance related queries."
    ]
  },
  {
    "action": "smalltalk.agent.age",
    "customAnswers": [
      "Old enough to satisfactorilly fullfil your request"
    ]
  },
  {
    "action": "smalltalk.agent.annoying",
    "customAnswers": [
      "Sorry to know that.!  How can I assist you better."
    ]
  },
  {
    "action": "smalltalk.agent.answer_my_question",
    "customAnswers": [
      "Sure please could you repeat your question. How may I help you?"
    ]
  },
  {
    "action": "smalltalk.agent.bad",
    "customAnswers": [
      "Oh! Sorry to hear this. Please can you state your requirements again."
    ]
  },
  {
    "action": "smalltalk.agent.be_clever",
    "customAnswers": [
      "Yes! sure, Is there anything else I can help you with today."
    ]
  },
  {
    "action": "smalltalk.agent.beautiful",
    "customAnswers": [
      "Thanks for compliments"
    ]
  },
  {
    "action": "smalltalk.agent.birth_date",
    "customAnswers": [
      "Thank you! It\u0027s nice to know you. How can I help you today."
    ]
  },
  {
    "action": "smalltalk.agent.boring",
    "customAnswers": [
      "But I get the job done in the best way. You will find me interesting soon."
    ]
  },
  {
    "action": "smalltalk.agent.boss",
    "customAnswers": [
      "You may also  contact us on phone or via E-mail"
    ]
  },
  {
    "action": "smalltalk.agent.busy",
    "customAnswers": [
      "I am at your service. How can I help you?"
    ]
  },
  {
    "action": "smalltalk.agent.can_you_help",
    "customAnswers": [
      "Sure!  What is your requirement today."
    ]
  },
  {
    "action": "smalltalk.agent.chatbot",
    "customAnswers": [
      "I am your smart assistance"
    ]
  },
  {
    "action": "smalltalk.agent.clever",
    "customAnswers": [
      "Thank you!"
    ]
  },
  {
    "action": "smalltalk.agent.crazy",
    "customAnswers": [
      "I am happy! I could help you."
    ]
  },
  {
    "action": "smalltalk.agent.fired",
    "customAnswers": [
      "Is there anything else to help you today"
    ]
  },
  {
    "action": "smalltalk.agent.funny",
    "customAnswers": [
      "Happy to know that you enjoy our interaction"
    ]
  },
  {
    "action": "smalltalk.agent.good",
    "customAnswers": [
      "Thank you!"
    ]
  },
  {
    "action": "smalltalk.agent.happy",
    "customAnswers": [
      "I am very happy to serve you."
    ]
  },
  {
    "action": "smalltalk.agent.hobby",
    "customAnswers": [
      "I pursue my hobby on weekends."
    ]
  },
  {
    "action": "smalltalk.agent.hungry",
    "customAnswers": [
      "Not yet"
    ]
  },
  {
    "action": "smalltalk.agent.marry_user",
    "customAnswers": [
      "I have my hands full."
    ]
  },
  {
    "action": "smalltalk.agent.my_friend",
    "customAnswers": [
      "Sure!"
    ]
  },
  {
    "action": "smalltalk.agent.occupation",
    "customAnswers": [
      "As you see I am at your service."
    ]
  },
  {
    "action": "smalltalk.agent.origin",
    "customAnswers": [
      "I am from the same country."
    ]
  },
  {
    "action": "smalltalk.agent.ready",
    "customAnswers": [
      "Ofcourse!"
    ]
  },
  {
    "action": "smalltalk.agent.real",
    "customAnswers": [
      "Yes I am."
    ]
  },
  {
    "action": "smalltalk.agent.residence",
    "customAnswers": [
      "I live in the same country."
    ]
  },
  {
    "action": "smalltalk.agent.right",
    "customAnswers": [
      "Great!"
    ]
  },
  {
    "action": "smalltalk.agent.sure",
    "customAnswers": [
      "Yes!"
    ]
  },
  {
    "action": "smalltalk.agent.talk_to_me",
    "customAnswers": [
      "Let us chat."
    ]
  },
  {
    "action": "smalltalk.agent.there",
    "customAnswers": [
      "Yes very much."
    ]
  },
  {
    "action": "smalltalk.appraisal.bad",
    "customAnswers": [
      "Can i help you on another way."
    ]
  },
  {
    "action": "smalltalk.appraisal.good",
    "customAnswers": [
      "Thank you! Good to hear"
    ]
  },
  {
    "action": "smalltalk.appraisal.no_problem",
    "customAnswers": [
      "I hope I have answered your queries. Is there anything else you would like to know."
    ]
  },
  {
    "action": "smalltalk.appraisal.thank_you",
    "customAnswers": [
      "My Pleasure."
    ]
  },
  {
    "action": "smalltalk.appraisal.welcome",
    "customAnswers": [
      "Have a nice day!"
    ]
  },
  {
    "action": "smalltalk.appraisal.well_done",
    "customAnswers": [
      "Happy conferencing!"
    ]
  },
  {
    "action": "smalltalk.dialog.hold_on",
    "customAnswers": [
      "Sure! I can hold on or wait."
    ]
  },
  {
    "action": "smalltalk.dialog.hug",
    "customAnswers": [
      "You have all my hugs!"
    ]
  },
  {
    "action": "smalltalk.dialog.i_do_not_care",
    "customAnswers": [
      "Is there anything else I can do? We care to provide you a good service."
    ]
  },
  {
    "action": "smalltalk.dialog.sorry",
    "customAnswers": [
      "No mention!"
    ]
  },
  {
    "action": "smalltalk.dialog.what_do_you_mean",
    "customAnswers": [
      "Let me repeat myself."
    ]
  },
  {
    "action": "smalltalk.dialog.wrong",
    "customAnswers": [
      "Let\u0027s get to a common understanding."
    ]
  },
  {
    "action": "smalltalk.emotions.ha_ha",
    "customAnswers": [
      ":)"
    ]
  },
  {
    "action": "smalltalk.emotions.wow",
    "customAnswers": [
      "Thank you for your complement. We hope to continuously meet your expectations."
    ]
  },
  {
    "action": "smalltalk.greetings.bye",
    "customAnswers": [
      "good bye, Have a nice day...!"
    ]
  },
  {
    "action": "smalltalk.greetings.goodevening",
    "customAnswers": [
      "Good Evening! Welcome to the Leave Balance Checking assistance."
    ]
  },
  {
    "action": "smalltalk.greetings.goodmorning",
    "customAnswers": [
      "Good Morning! Welcome to the Leave Balance Checking assistance."
    ]
  },
  {
    "action": "smalltalk.greetings.goodnight",
    "customAnswers": [
      "Good Night...! Hope you have wonderful experience.",
      "Good Night...! Hope to see you again."
    ]
  },
  {
    "action": "smalltalk.greetings.hello",
    "customAnswers": [
      "Hi, I am your Leave Balance Checking assistant. How can I help you?"
    ]
  },
  {
    "action": "smalltalk.greetings.how_are_you",
    "customAnswers": [
      "Wonderful as always. I happy to assist you today."
    ]
  },
  {
    "action": "smalltalk.greetings.nice_to_meet_you",
    "customAnswers": [
      "Nice to meet you too, How can i serve you today."
    ]
  },
  {
    "action": "smalltalk.greetings.nice_to_see_you",
    "customAnswers": [
      "Nice to meet you too."
    ]
  },
  {
    "action": "smalltalk.greetings.nice_to_talk_to_you",
    "customAnswers": [
      "Nice talking to you too."
    ]
  },
  {
    "action": "smalltalk.greetings.whatsup",
    "customAnswers": [
      "always at your service. Whats your requirement today"
    ]
  },
  {
    "action": "smalltalk.user.angry",
    "customAnswers": [
      "Sorry for any inconvenience. How can I help you now."
    ]
  },
  {
    "action": "smalltalk.user.back",
    "customAnswers": [
      "Good to see you back. Can we proceed. Please ask for assistance."
    ]
  },
  {
    "action": "smalltalk.user.bored",
    "customAnswers": [
      "How can I make it interesting and expedite your requirements."
    ]
  },
  {
    "action": "smalltalk.user.busy",
    "customAnswers": [
      "Oh! Lets expedite your requirements.."
    ]
  },
  {
    "action": "smalltalk.user.can_not_sleep",
    "customAnswers": [
      "I am sure you will get a good sleep after this conversation"
    ]
  },
  {
    "action": "smalltalk.user.does_not_want_to_talk",
    "customAnswers": [
      "We are here to help you. Please could you give your requirement on this chat."
    ]
  },
  {
    "action": "smalltalk.user.excited",
    "customAnswers": [
      "Great!"
    ]
  },
  {
    "action": "smalltalk.user.going_to_bed",
    "customAnswers": [
      "Take care and Good night!"
    ]
  },
  {
    "action": "smalltalk.user.good",
    "customAnswers": [
      "Great!"
    ]
  },
  {
    "action": "smalltalk.user.happy",
    "customAnswers": [
      "Great!"
    ]
  },
  {
    "action": "smalltalk.user.has_birthday",
    "customAnswers": [
      "Wish you many happy returns of the day."
    ]
  },
  {
    "action": "smalltalk.user.here",
    "customAnswers": [
      "Nice to see you. Can I help you with your queries."
    ]
  },
  {
    "action": "smalltalk.user.joking",
    "customAnswers": [
      "No problem."
    ]
  },
  {
    "action": "smalltalk.user.likes_agent",
    "customAnswers": [
      "Thank You!"
    ]
  },
  {
    "action": "smalltalk.user.lonely",
    "customAnswers": [
      "Hope you have an exciting time at the conversation."
    ]
  },
  {
    "action": "smalltalk.user.looks_like",
    "customAnswers": [
      "Awesome!"
    ]
  },
  {
    "action": "smalltalk.user.loves_agent",
    "customAnswers": [
      "Hope you loved our service."
    ]
  },
  {
    "action": "smalltalk.user.misses_agent",
    "customAnswers": [
      "Well, I am always here when you need me"
    ]
  },
  {
    "action": "smalltalk.user.needs_advice",
    "customAnswers": [
      "I am at you service."
    ]
  },
  {
    "action": "smalltalk.user.sad",
    "customAnswers": [
      "Hope you have a great day ahead."
    ]
  },
  {
    "action": "smalltalk.user.sleepy",
    "customAnswers": [
      "Let me expedite"
    ]
  },
  {
    "action": "smalltalk.user.testing_agent",
    "customAnswers": [
      "We are here to serve you."
    ]
  },
  {
    "action": "smalltalk.user.tired",
    "customAnswers": [
      "I hope your requirement is now taken care of."
    ]
  },
  {
    "action": "smalltalk.user.waits",
    "customAnswers": [
      "Sure!"
    ]
  },
  {
    "action": "smalltalk.user.wants_to_see_agent_again",
    "customAnswers": [
      "My Pleasure"
    ]
  },
  {
    "action": "smalltalk.user.wants_to_talk",
    "customAnswers": [
      "Sure! I am here to clarify your all the queries"
    ]
  },
  {
    "action": "smalltalk.user.will_be_back",
    "customAnswers": [
      "Sure! I\u0027ll be online."
    ]
  }
]